<?xml version="1.0" encoding="UTF-8"?>
<project-private xmlns="http://www.netbeans.org/ns/project-private/1">
    <editor-bookmarks xmlns="http://www.netbeans.org/ns/editor-bookmarks/2" lastBookmarkId="0"/>
    <open-files xmlns="http://www.netbeans.org/ns/projectui-open-files/2">
        <group>
            <file>file:/C:/Users/Shivam/Documents/NetBeansProjects/Dmart/src/dmart/OrderPlace.java</file>
            <file>file:/C:/Users/Shivam/Documents/NetBeansProjects/Dmart/src/dmart/ManagerFrame.java</file>
            <file>file:/C:/Users/Shivam/Documents/NetBeansProjects/Dmart/src/dmart/Pruduct.java</file>
            <file>file:/C:/Users/Shivam/Documents/NetBeansProjects/Dmart/src/dmart/EmployeeTableFrame.java</file>
            <file>file:/C:/Users/Shivam/Documents/NetBeansProjects/Dmart/src/dmart/OrdersFrame.java</file>
        </group>
    </open-files>
</project-private>
